name,image,price,category,description
book-1,book-1.png,10,Science,"Lorem ipsum dolor, sit amet consectetur adipisicing elit. Aspernatur nihil ipsa placeat. Aperiam at sint,"
book-2,book-2.png,15,History,"Lorem ipsum dolor, sit amet consectetur adipisicing elit. Aspernatur nihil ipsa placeat. Aperiam at sint,"
book-3,book-3.png,20,Sports ,"Lorem ipsum dolor, sit amet consectetur adipisicing elit. Aspernatur nihil ipsa placeat. Aperiam at sint,"
book-4,book-4.png,25,Travel,"Lorem ipsum dolor, sit amet consectetur adipisicing elit. Aspernatur nihil ipsa placeat. Aperiam at sint,"
book-5,book-5.png,30,crime,"Lorem ipsum dolor, sit amet consectetur adipisicing elit. Aspernatur nihil ipsa placeat. Aperiam at sint,"
book-6,book-6.png,35,Math,"Lorem ipsum dolor, sit amet consectetur adipisicing elit. Aspernatur nihil ipsa placeat. Aperiam at sint,"
book-7,book-7.png,40,Health,"Lorem ipsum dolor, sit amet consectetur adipisicing elit. Aspernatur nihil ipsa placeat. Aperiam at sint,"
book-8,book-8.png,45,History,"Lorem ipsum dolor, sit amet consectetur adipisicing elit. Aspernatur nihil ipsa placeat. Aperiam at sint,"
book-9,book-9.png,50,Art,"Lorem ipsum dolor, sit amet consectetur adipisicing elit. Aspernatur nihil ipsa placeat. Aperiam at sint,"
book-10,book-10.png,55,Diary,"Lorem ipsum dolor, sit amet consectetur adipisicing elit. Aspernatur nihil ipsa placeat. Aperiam at sint,"
book-11,book-11.png,60,Dictionary,"Lorem ipsum dolor, sit amet consectetur adipisicing elit. Aspernatur nihil ipsa placeat. Aperiam at sint,"
book-12,book-12.png,65,Philosophy,"Lorem ipsum dolor, sit amet consectetur adipisicing elit. Aspernatur nihil ipsa placeat. Aperiam at sint,"
book-13,book-13.png,70,Encyclopedia,"Lorem ipsum dolor, sit amet consectetur adipisicing elit. Aspernatur nihil ipsa placeat. Aperiam at sint,"
book-14,book-14.png,75,Cookbook,"Lorem ipsum dolor, sit amet consectetur adipisicing elit. Aspernatur nihil ipsa placeat. Aperiam at sint,"
book-15,book-15.png,80,Travel,"Lorem ipsum dolor, sit amet consectetur adipisicing elit. Aspernatur nihil ipsa placeat. Aperiam at sint,"
book-16,book-16.png,85,Business,"Lorem ipsum dolor, sit amet consectetur adipisicing elit. Aspernatur nihil ipsa placeat. Aperiam at sint,"
book-17,book-17.png,90,Travel,"Lorem ipsum dolor, sit amet consectetur adipisicing elit. Aspernatur nihil ipsa placeat. Aperiam at sint,"
book-18,book-18.png,95,Sports ,"Lorem ipsum dolor, sit amet consectetur adipisicing elit. Aspernatur nihil ipsa placeat. Aperiam at sint,"
book-19,book-19.png,5,Health,"Lorem ipsum dolor, sit amet consectetur adipisicing elit. Aspernatur nihil ipsa placeat. Aperiam at sint,"
book-20,book-20.png,10,Art,"Lorem ipsum dolor, sit amet consectetur adipisicing elit. Aspernatur nihil ipsa placeat. Aperiam at sint,"
book-21,book-21.png,15,Business,"Lorem ipsum dolor, sit amet consectetur adipisicing elit. Aspernatur nihil ipsa placeat. Aperiam at sint,"
book-22,book-22.png,20,Philosophy,"Lorem ipsum dolor, sit amet consectetur adipisicing elit. Aspernatur nihil ipsa placeat. Aperiam at sint,"
book-23,book-23.png,25,Encyclopedia,"Lorem ipsum dolor, sit amet consectetur adipisicing elit. Aspernatur nihil ipsa placeat. Aperiam at sint,"
book-24,book-24.png,30,Cookbook,"Lorem ipsum dolor, sit amet consectetur adipisicing elit. Aspernatur nihil ipsa placeat. Aperiam at sint,"
book-25,book-25.png,35,Guide,"Lorem ipsum dolor, sit amet consectetur adipisicing elit. Aspernatur nihil ipsa placeat. Aperiam at sint,"
book-26,book-26.png,40,Science,"Lorem ipsum dolor, sit amet consectetur adipisicing elit. Aspernatur nihil ipsa placeat. Aperiam at sint,"
book-27,book-27.png,45,Math,"Lorem ipsum dolor, sit amet consectetur adipisicing elit. Aspernatur nihil ipsa placeat. Aperiam at sint,"
book-28,book-28.png,50,Dictionary,"Lorem ipsum dolor, sit amet consectetur adipisicing elit. Aspernatur nihil ipsa placeat. Aperiam at sint,"
,,,,
,,,,
,,,,
,,,,
,,,,
,,,,
,,,,
,,,,
,,,,
,,,,
,,,,
,,,,
,,,,
,,,,
,,,,
,,,,
,,,,
,,,,
,,,,
,,,,
,,,,
,,,,
,,,,
,,,,
,,,,
,,,,
,,,,
,,,,
,,,,
,,,,
,,,,
,,,,
,,,,
,,,,
,,,,
,,,,
,,,,
,,,,
,,,,
,,,,
,,,,
,,,,
,,,,
,,,,
,,,,
,,,,
,,,,
,,,,
,,,,
,,,,
,,,,
,,,,
,,,,
,,,,
,,,,
,,,,
,,,,
,,,,
,,,,
,,,,
,,,,
,,,,
,,,,
,,,,
,,,,
,,,,
,,,,
,,,,
,,,,
,,,,
,,,,
,,,,
